<?xml version="1.0" encoding="utf-8" ?>
<dwsync>
<file name="index.html" server="mssinfotech.co.uk/pagalbabu/" local="130610460796290000" remote="130610461200000000" Dst="0" />
<file name="timthumb_cacheLastCleanTime.touch" server="mssinfotech.co.uk/pagalbabu/" local="130609781191650000" remote="130610416800000000" Dst="0" />
<file name="timthumb_int_059e4a44f77952a6e4b0aa4bf96a5391.timthumb.txt" server="mssinfotech.co.uk/pagalbabu/" local="130609781198861195" remote="130610461800000000" Dst="0" />
<file name="timthumb_int_0eb4322edc03d59db6495715e61657fc.timthumb.txt" server="mssinfotech.co.uk/pagalbabu/" local="130609781198861195" remote="130610461800000000" Dst="0" />
<file name="timthumb_int_169249e7bb7d72b28e5b3976d0cdeda0.timthumb.txt" server="mssinfotech.co.uk/pagalbabu/" local="130609781201153201" remote="130610461800000000" Dst="0" />
<file name="timthumb_int_228fa9a807de72dd539e343e009c5bf9.timthumb.txt" server="mssinfotech.co.uk/pagalbabu/" local="130609781197681112" remote="130610461800000000" Dst="0" />
<file name="timthumb_int_7b05f0c81dd24ddbf38f5749e1a0816e.timthumb.txt" server="mssinfotech.co.uk/pagalbabu/" local="130609781203364778" remote="130610461800000000" Dst="0" />
<file name="timthumb_int_ca533af3e11baffd8fd6002613676bae.timthumb.txt" server="mssinfotech.co.uk/pagalbabu/" local="130609781202874420" remote="130610461800000000" Dst="0" />
<file name="timthumb_int_b70c80fb6a7d323a79973aaf358cb9e0.timthumb.txt" server="mssinfotech.co.uk/pagalbabu/" local="130609781204265418" remote="130610461800000000" Dst="0" />
<file name="timthumb_int_eb7d854134d9e575741ef91ad1832b71.timthumb.txt" server="mssinfotech.co.uk/pagalbabu/" local="130609781199421230" remote="130610461800000000" Dst="0" />
<file name="timthumb_int_eb236f702f5e8daf1d1edfedf0cb6d7b.timthumb.txt" server="mssinfotech.co.uk/pagalbabu/" local="130609781207417660" remote="130610461800000000" Dst="0" />
<file name="index.html" server="mssinfotech.co.uk/favorchat/" local="130612889050230000" remote="130617401400000000" Dst="0" />
<file name="timthumb_cacheLastCleanTime.touch" server="mssinfotech.co.uk/favorchat/" local="130612808008470000" remote="130617401400000000" Dst="0" />
<file name="timthumb_int_059e4a44f77952a6e4b0aa4bf96a5391.timthumb.txt" server="mssinfotech.co.uk/favorchat/" local="130612808016815100" remote="130617401400000000" Dst="0" />
<file name="timthumb_int_169249e7bb7d72b28e5b3976d0cdeda0.timthumb.txt" server="mssinfotech.co.uk/favorchat/" local="130612808017015114" remote="130617401400000000" Dst="0" />
<file name="timthumb_int_0eb4322edc03d59db6495715e61657fc.timthumb.txt" server="mssinfotech.co.uk/favorchat/" local="130612808016895106" remote="130617401400000000" Dst="0" />
<file name="timthumb_int_228fa9a807de72dd539e343e009c5bf9.timthumb.txt" server="mssinfotech.co.uk/favorchat/" local="130612808016775097" remote="130617401400000000" Dst="0" />
<file name="timthumb_int_7b05f0c81dd24ddbf38f5749e1a0816e.timthumb.txt" server="mssinfotech.co.uk/favorchat/" local="130612808021077981" remote="130617401400000000" Dst="0" />
<file name="timthumb_int_b70c80fb6a7d323a79973aaf358cb9e0.timthumb.txt" server="mssinfotech.co.uk/favorchat/" local="130612808021758746" remote="130617401400000000" Dst="0" />
<file name="timthumb_int_ca533af3e11baffd8fd6002613676bae.timthumb.txt" server="mssinfotech.co.uk/favorchat/" local="130612808020437526" remote="130617401400000000" Dst="0" />
<file name="timthumb_int_eb7d854134d9e575741ef91ad1832b71.timthumb.txt" server="mssinfotech.co.uk/favorchat/" local="130612808016815100" remote="130617401400000000" Dst="0" />
<file name="timthumb_int_eb236f702f5e8daf1d1edfedf0cb6d7b.timthumb.txt" server="mssinfotech.co.uk/favorchat/" local="130612808025521695" remote="130617402000000000" Dst="0" />
</dwsync>