<?xml version="1.0" encoding="utf-8" ?>
<dwsync>
<file name="facebook.php" server="202.0.103.90/mssinfotech.com/wwwroot/" local="130227704492040241" remote="130422047400000000" Dst="2" />
<file name="base_facebook.php" server="202.0.103.90/mssinfotech.com/wwwroot/" local="130131457380000000" remote="130422047400000000" Dst="2" />
<file name="fb_ca_chain_bundle.crt" server="202.0.103.90/mssinfotech.com/wwwroot/" local="130131457380000000" remote="130422047400000000" Dst="2" />
<file name="facebook.php" server="mssinfotech.co.uk/pagalbabu/" local="130227704492040241" remote="130610461800000000" Dst="0" />
<file name="base_facebook.php" server="mssinfotech.co.uk/pagalbabu/" local="130131457380000000" remote="130610461800000000" Dst="0" />
<file name="fb_ca_chain_bundle.crt" server="mssinfotech.co.uk/pagalbabu/" local="130131457380000000" remote="130610462400000000" Dst="0" />
<file name="facebook.php" server="mssinfotech.co.uk/favorchat/" local="130227704492040241" remote="130617401400000000" Dst="0" />
<file name="base_facebook.php" server="mssinfotech.co.uk/favorchat/" local="130131457380000000" remote="130617401400000000" Dst="0" />
<file name="fb_ca_chain_bundle.crt" server="mssinfotech.co.uk/favorchat/" local="130131457380000000" remote="130617402000000000" Dst="0" />
</dwsync>